"Table 2a: Estimated population of settlements by broad age groups, mid-2012",,,,,,,,
,,,,,,,,
Settlement Name,Settlement Code,All Ages,Age Group,,,,,
,,,Under 16,16 to 64,65 & Over,,,
Aberchirder,S20000503," 1,250 ", 218 , 773 , 259 ,,,
Aberdeen,S20000504," 209,460 "," 29,730 "," 149,043 "," 30,687 ",,,
Aberdour,S20000505," 1,650 ", 307 ," 1,011 ", 332 ,,,
Aberfeldy,S20000506," 1,960 ", 331 ," 1,161 ", 468 ,,,
Aberfoyle,S20000507, 750 , 118 , 493 , 139 ,,,
Aberlady,S20000508," 1,180 ", 246 , 692 , 242 ,,,
Aberlour,S20000509," 1,120 ", 188 , 614 , 318 ,,,
Abernethy,S20000510," 1,470 ", 312 , 932 , 226 ,,,
Aboyne,S20000511," 2,650 ", 460 ," 1,589 ", 601 ,,,
Airth,S20000512," 1,760 ", 323 ," 1,096 ", 341 ,,,
Alford,S20000513," 2,290 ", 436 ," 1,380 ", 474 ,,,
Allanton,S20000514," 1,180 ", 195 , 770 , 215 ,,,
Alloa,S20000515," 20,390 "," 3,717 "," 13,278 "," 3,395 ",,,
Almondbank,S20000516," 1,420 ", 229 , 889 , 302 ,,,
Alness,S20000517," 5,700 "," 1,150 "," 3,595 ", 955 ,,,
Alva,S20000518," 4,720 ", 715 ," 3,085 ", 920 ,,,
Alyth,S20000519," 2,410 ", 376 ," 1,411 ", 623 ,,,
Annan,S20000520," 8,920 "," 1,607 "," 5,427 "," 1,886 ",,,
Annbank,S20000521, 890 , 140 , 583 , 167 ,,,
Anstruther and Pittenweem,S20000522," 4,910 ", 743 ," 2,976 "," 1,191 ",,,
Arbroath,S20000523," 23,640 "," 4,197 "," 14,723 "," 4,720 ",,,
Ardersier,S20000524," 1,110 ", 217 , 708 , 185 ,,,
Ardrishaig,S20000525," 1,320 ", 233 , 773 , 314 ,,,
Ardrossan,S20000526," 33,020 "," 6,016 "," 21,088 "," 5,916 ",,,
Armadale,S20000527," 11,770 "," 2,460 "," 7,498 "," 1,812 ",,,
Auchenblae,S20000528, 540 , 120 , 350 , 70 ,,,
Auchinleck,S20000529," 3,760 ", 664 ," 2,373 ", 723 ,,,
Auchinloch,S20000530, 750 , 104 , 481 , 165 ,,,
Auchterarder,S20000531," 4,620 ", 701 ," 2,722 "," 1,197 ",,,
Auchtermuchty,S20000532," 2,120 ", 369 ," 1,299 ", 452 ,,,
Auldearn,S20000533, 660 , 123 , 419 , 118 ,,,
Aviemore,S20000534," 3,150 ", 562 ," 2,128 ", 460 ,,,
Avoch,S20000535, 990 , 163 , 601 , 226 ,,,
Avonbridge,S20000536, 690 , 134 , 457 , 99 ,,,
Ayr,S20000537," 62,870 "," 9,934 "," 38,643 "," 14,293 ",,,
Ayton,S20000538, 560 , 79 , 334 , 147 ,,,
Baile a'Mhanaich (Balivanich),S20000539, 530 , 109 , 352 , 69 ,,,
Balfron,S20000540," 1,860 ", 385 ," 1,144 ", 331 ,,,
Balintore,S20000541," 1,090 ", 228 , 633 , 229 ,,,
Ballachulish,S20000542, 650 , 106 , 397 , 147 ,,,
Ballater,S20000543," 1,550 ", 209 , 879 , 462 ,,,
"Ballingry, Lochore and Crosshill",S20000544," 5,630 "," 1,131 "," 3,492 "," 1,007 ",,,
Balmedie,S20000545," 2,520 ", 562 ," 1,705 ", 253 ,,,
Balmullo,S20000546," 1,430 ", 253 , 860 , 317 ,,,
Banchory,S20000547," 7,520 "," 1,454 "," 4,687 "," 1,379 ",,,
Banff,S20000548," 4,020 ", 707 ," 2,489 ", 824 ,,,
Bankfoot,S20000549," 1,270 ", 234 , 796 , 240 ,,,
Bathgate,S20000550," 26,550 "," 5,290 "," 17,523 "," 3,737 ",,,
Beauly,S20000551," 1,360 ", 194 , 854 , 312 ,,,
Beith,S20000552," 6,170 "," 1,053 "," 3,936 "," 1,181 ",,,
Bellsbank,S20000553," 1,350 ", 283 , 862 , 205 ,,,
Biggar,S20000554," 2,330 ", 380 ," 1,348 ", 602 ,,,
Bilston,S20000555," 1,210 ", 226 , 770 , 214 ,,,
Birkhill and Muirhead,S20000556," 2,170 ", 360 ," 1,356 ", 454 ,,,
Bishopton,S20000557," 4,640 ", 689 ," 3,040 ", 911 ,,,
Blackburn (Aberdeenshire),S20000558," 2,980 ", 751 ," 1,992 ", 237 ,,,
Blackford,S20000559, 760 , 166 , 474 , 120 ,,,
Blackridge,S20000560," 1,950 ", 368 ," 1,280 ", 302 ,,,
Blairgowrie,S20000561," 8,890 "," 1,349 "," 5,171 "," 2,370 ",,,
Blairhall,S20000562, 950 , 216 , 595 , 139 ,,,
Bo'ness,S20000563," 14,910 "," 2,581 "," 9,658 "," 2,671 ",,,
Boddam,S20000564," 1,290 ", 256 , 831 , 203 ,,,
Bonnybridge,S20000565," 25,150 "," 4,829 "," 16,462 "," 3,859 ",,,
Bowmore,S20000566, 760 , 124 , 452 , 184 ,,,
Braco,S20000567, 590 , 121 , 347 , 122 ,,,
Brae,S20000568, 720 , 142 , 483 , 95 ,,,
Brechin,S20000569," 7,520 "," 1,257 "," 4,668 "," 1,595 ",,,
Bridge of Earn,S20000570," 2,790 ", 535 ," 1,657 ", 598 ,,,
Bridge of Weir,S20000571," 4,860 ", 920 ," 2,975 ", 965 ,,,
Bridgend,S20000572, 760 , 165 , 484 , 111 ,,,
Broadford,S20000573, 760 , 121 , 483 , 156 ,,,
Brodick,S20000574, 830 , 128 , 457 , 245 ,,,
Brookfield,S20000575, 570 , 103 , 344 , 123 ,,,
Brora,S20000576," 1,290 ", 216 , 721 , 353 ,,,
Broxburn,S20000577," 15,360 "," 2,992 "," 9,794 "," 2,574 ",,,
Buchlyvie,S20000578, 530 , 83 , 324 , 123 ,,,
Buckie,S20000579," 8,430 "," 1,423 "," 5,170 "," 1,837 ",,,
Burghead,S20000580," 1,930 ", 350 ," 1,218 ", 362 ,,,
Burntisland,S20000581," 6,370 "," 1,211 "," 3,936 "," 1,223 ",,,
Burrelton,S20000582, 690 , 138 , 401 , 151 ,,,
Cairneyhill,S20000583," 2,480 ", 457 ," 1,656 ", 367 ,,,
Calderbank,S20000584," 1,610 ", 325 ," 1,037 ", 248 ,,,
Caldercruix,S20000585," 2,440 ", 532 ," 1,582 ", 326 ,,,
California,S20000586, 830 , 167 , 531 , 132 ,,,
Callander,S20000587," 3,120 ", 475 ," 1,854 ", 791 ,,,
Campbeltown,S20000588," 4,800 ", 793 ," 2,799 "," 1,208 ",,,
Cardenden and Auchterderran,S20000589," 5,500 "," 1,088 "," 3,465 ", 947 ,,,
Cardrona,S20000590, 810 , 202 , 499 , 109 ,,,
Cardross,S20000591," 2,130 ", 361 ," 1,326 ", 443 ,,,
Cargenbridge,S20000592, 610 , 93 , 385 , 132 ,,,
Carluke,S20000593," 13,970 "," 2,274 "," 9,268 "," 2,428 ",,,
Carmunnock,S20000594," 1,250 ", 240 , 769 , 241 ,,,
Carnoustie,S20000595," 11,430 "," 2,034 "," 6,961 "," 2,435 ",,,
Carnwath,S20000596," 1,430 ", 252 , 903 , 275 ,,,
Carstairs,S20000597, 890 , 150 , 592 , 148 ,,,
Carstairs Junction,S20000598, 780 , 179 , 504 , 97 ,,,
Castle Douglas,S20000599," 4,070 ", 645 ," 2,354 "," 1,071 ",,,
Castletown,S20000600, 840 , 169 , 532 , 139 ,,,
Catrine,S20000601," 2,210 ", 344 ," 1,471 ", 395 ,,,
Ceres,S20000602, 950 , 155 , 551 , 244 ,,,
Chapelton,S20000603, 650 , 81 , 415 , 154 ,,,
Chirnside,S20000604," 1,400 ", 249 , 848 , 303 ,,,
Chryston,S20000605," 4,290 ", 761 ," 2,740 ", 789 ,,,
Clackmannan,S20000606," 3,450 ", 616 ," 2,209 ", 625 ,,,
Cleland,S20000607," 3,000 ", 614 ," 1,941 ", 445 ,,,
Coalburn,S20000608," 1,200 ", 222 , 734 , 244 ,,,
Coaltown of Wemyss,S20000609, 610 , 90 , 397 , 123 ,,,
Coatbridge and Airdrie,S20000610," 90,330 "," 17,292 "," 59,298 "," 13,740 ",,,
Cockenzie,S20000611," 5,660 "," 1,047 "," 3,739 ", 874 ,,,
Coldingham,S20000612, 550 , 75 , 319 , 156 ,,,
Coldstream,S20000613," 1,870 ", 242 ," 1,027 ", 601 ,,,
Comrie (Perth and Kinross),S20000614," 1,900 ", 250 , 987 , 663 ,,,
Conon Bridge and Maryburgh,S20000615," 2,890 ", 563 ," 1,811 ", 516 ,,,
Coupar Angus,S20000616," 2,350 ", 440 ," 1,446 ", 464 ,,,
Cowdenbeath,S20000617," 18,740 "," 3,290 "," 12,064 "," 3,386 ",,,
Cowie,S20000618," 2,640 ", 599 ," 1,713 ", 328 ,,,
Coylton,S20000619," 2,180 ", 367 ," 1,376 ", 437 ,,,
Crail,S20000620," 1,670 ", 207 , 919 , 544 ,,,
Creetown,S20000621, 650 , 107 , 372 , 171 ,,,
Crieff,S20000622," 7,430 "," 1,270 "," 4,373 "," 1,787 ",,,
Crimond,S20000623, 860 , 147 , 515 , 198 ,,,
Cromarty,S20000624, 740 , 123 , 486 , 131 ,,,
Crook of Devon,S20000625, 630 , 112 , 395 , 123 ,,,
Crossford (Fife),S20000626," 2,350 ", 357 ," 1,439 ", 554 ,,,
Crossford (South Lanarkshire),S20000627, 710 , 111 , 444 , 155 ,,,
Crosshill,S20000628, 500 , 69 , 329 , 102 ,,,
Crosshouse,S20000629," 2,850 ", 496 ," 1,861 ", 493 ,,,
Croy,S20000630," 1,390 ", 295 , 898 , 197 ,,,
Cruden Bay,S20000631," 1,670 ", 247 ," 1,083 ", 340 ,,,
Cullen,S20000632," 1,450 ", 231 , 820 , 399 ,,,
Culloden,S20000633," 13,040 "," 2,515 "," 8,725 "," 1,800 ",,,
Cumbernauld,S20000634," 51,610 "," 9,943 "," 33,870 "," 7,797 ",,,
Cuminestown,S20000635, 540 , 90 , 331 , 119 ,,,
Cumnock,S20000636," 8,920 "," 1,521 "," 5,738 "," 1,661 ",,,
Cupar,S20000637," 9,270 "," 1,577 "," 5,569 "," 2,124 ",,,
Dailly,S20000638, 850 , 150 , 523 , 177 ,,,
Dalbeattie,S20000639," 4,260 ", 655 ," 2,521 "," 1,084 ",,,
Dalgety Bay,S20000640," 9,810 "," 1,861 "," 6,135 "," 1,814 ",,,
Dalkeith,S20000641," 42,220 "," 8,160 "," 26,825 "," 7,235 ",,,
Dalmellington,S20000642," 1,390 ", 184 , 853 , 353 ,,,
Dalry,S20000643," 5,560 "," 1,021 "," 3,489 "," 1,050 ",,,
Dalrymple,S20000644," 1,510 ", 303 , 964 , 243 ,,,
Danderhall,S20000645," 2,770 ", 513 ," 1,776 ", 481 ,,,
Darvel,S20000646," 3,860 ", 692 ," 2,410 ", 758 ,,,
Dechmont,S20000647, 690 , 90 , 439 , 161 ,,,
Denholm,S20000648, 650 , 91 , 372 , 187 ,,,
Dingwall,S20000649," 5,520 "," 1,016 "," 3,473 "," 1,031 ",,,
Dollar,S20000650," 2,740 ", 526 ," 1,611 ", 603 ,,,
Dornoch,S20000651," 1,270 ", 192 , 689 , 389 ,,,
Douglas,S20000652," 1,560 ", 292 , 962 , 306 ,,,
Doune,S20000653," 1,760 ", 335 ," 1,055 ", 370 ,,,
Drongan,S20000654," 3,170 ", 603 ," 2,017 ", 550 ,,,
Drumnadrochit,S20000655," 1,130 ", 206 , 694 , 230 ,,,
Drumoak,S20000656, 860 , 144 , 553 , 163 ,,,
Drymen,S20000657, 830 , 155 , 459 , 216 ,,,
Dufftown,S20000658," 1,660 ", 278 , 977 , 405 ,,,
Dullatur,S20000659, 720 , 208 , 470 , 42 ,,,
Dumbarton,S20000660," 20,480 "," 3,434 "," 13,576 "," 3,470 ",,,
Dumfries,S20000661," 33,280 "," 5,785 "," 21,152 "," 6,343 ",,,
Dunbar,S20000662," 8,470 "," 1,791 "," 5,152 "," 1,527 ",,,
Dunbeg,S20000663, 610 , 106 , 364 , 140 ,,,
Dunblane,S20000664," 8,830 "," 1,998 "," 5,142 "," 1,690 ",,,
Dundee,S20000665," 157,690 "," 25,227 "," 104,607 "," 27,856 ",,,
Dundonald,S20000666," 2,670 ", 473 ," 1,595 ", 602 ,,,
Dunfermline,S20000667," 71,820 "," 13,835 "," 47,414 "," 10,571 ",,,
Dunkeld and Birnam,S20000668," 1,320 ", 204 , 786 , 330 ,,,
Dunlop,S20000669," 1,160 ", 227 , 683 , 250 ,,,
Dunning,S20000670, 930 , 161 , 574 , 195 ,,,
Dunoon,S20000671," 9,540 "," 1,591 "," 5,610 "," 2,339 ",,,
Duns,S20000672," 2,680 ", 401 ," 1,604 ", 675 ,,,
Eaglesfield,S20000673, 680 , 88 , 440 , 152 ,,,
Eaglesham,S20000674," 3,150 ", 610 ," 1,902 ", 638 ,,,
Earlston,S20000675," 1,780 ", 327 ," 1,055 ", 398 ,,,
East Calder,S20000676," 4,710 ", 745 ," 3,243 ", 722 ,,,
East Kilbride,S20000677," 74,740 "," 13,047 "," 48,464 "," 13,229 ",,,
East Linton,S20000678," 1,700 ", 290 ," 1,018 ", 392 ,,,
East Wemyss,S20000679," 1,970 ", 334 ," 1,280 ", 356 ,,,
Eastriggs,S20000680," 1,850 ", 293 ," 1,184 ", 373 ,,,
Ecclefechan,S20000681, 850 , 150 , 515 , 185 ,,,
Edinburgh,S20000682," 488,610 "," 73,911 "," 342,752 "," 71,947 ",,,
Edzell,S20000683, 900 , 121 , 457 , 322 ,,,
Elgin,S20000684," 22,980 "," 4,336 "," 14,552 "," 4,092 ",,,
Elie and Earlsferry,S20000685, 690 , 82 , 302 , 306 ,,,
Ellon,S20000686," 10,100 "," 1,688 "," 6,588 "," 1,824 ",,,
Elphinstone,S20000687, 540 , 77 , 331 , 132 ,,,
Errol,S20000688," 1,410 ", 245 , 892 , 273 ,,,
Erskine,S20000689," 17,440 "," 3,270 "," 11,274 "," 2,896 ",,,
Evanton,S20000690," 1,380 ", 273 , 876 , 231 ,,,
Eyemouth,S20000691," 3,430 ", 607 ," 2,031 ", 792 ,,,
Fairlie,S20000692," 1,440 ", 214 , 832 , 394 ,,,
Falkirk,S20000693," 100,480 "," 17,880 "," 65,148 "," 17,452 ",,,
Falkland,S20000694," 1,110 ", 175 , 748 , 187 ,,,
Fallin,S20000695," 2,850 ", 593 ," 1,903 ", 354 ,,,
Fauldhouse,S20000696," 4,840 ", 907 ," 3,117 ", 816 ,,,
Fenwick,S20000697," 1,070 ", 180 , 624 , 266 ,,,
Findhorn,S20000698, 880 , 146 , 538 , 196 ,,,
Findochty,S20000699," 1,180 ", 218 , 698 , 264 ,,,
Fochabers,S20000700," 1,690 ", 276 ," 1,008 ", 406 ,,,
Forfar,S20000701," 13,970 "," 2,377 "," 8,538 "," 3,055 ",,,
Forgandenny,S20000702, 590 , 233 , 312 , 45 ,,,
Forres,S20000703," 9,900 "," 1,638 "," 6,146 "," 2,116 ",,,
Fort Augustus,S20000704, 670 , 91 , 415 , 164 ,,,
Fort William,S20000705," 10,450 "," 2,074 "," 6,565 "," 1,811 ",,,
Forth,S20000706," 2,240 ", 387 ," 1,360 ", 493 ,,,
Fortrose,S20000707," 1,400 ", 185 , 818 , 397 ,,,
Fraserburgh,S20000708," 13,140 "," 2,307 "," 8,486 "," 2,347 ",,,
Freuchie,S20000709," 1,240 ", 208 , 746 , 286 ,,,
Friockheim,S20000710," 1,010 ", 177 , 614 , 219 ,,,
Galashiels,S20000711," 14,760 "," 2,403 "," 9,762 "," 2,595 ",,,
Galston,S20000712," 4,690 ", 776 ," 3,026 ", 888 ,,,
Gardenstown,S20000713, 670 , 92 , 408 , 170 ,,,
Garelochhead,S20000714," 2,110 ", 297 ," 1,570 ", 243 ,,,
Gargunnock,S20000715, 750 , 132 , 458 , 160 ,,,
Garmouth,S20000716, 580 , 92 , 354 , 134 ,,,
Gartcosh,S20000717," 2,130 ", 528 ," 1,423 ", 179 ,,,
Gatehouse of Fleet,S20000718, 950 , 126 , 517 , 307 ,,,
Gauldry,S20000719, 660 , 97 , 375 , 188 ,,,
Gifford,S20000720, 780 , 149 , 462 , 169 ,,,
Girvan,S20000721," 6,650 "," 1,153 "," 3,921 "," 1,576 ",,,
Glassford,S20000722, 640 , 137 , 409 , 94 ,,,
Glenboig,S20000723," 2,780 ", 615 ," 1,813 ", 352 ,,,
Glenfarg,S20000724, 770 , 136 , 512 , 122 ,,,
Glenluce,S20000725, 600 , 96 , 338 , 166 ,,,
Glenmavis,S20000726," 2,290 ", 423 ," 1,539 ", 328 ,,,
Glenrothes,S20000727," 47,730 "," 8,798 "," 30,491 "," 8,441 ",,,
Golspie,S20000728," 1,410 ", 230 , 858 , 322 ,,,
Gorebridge,S20000729," 6,330 "," 1,373 "," 4,036 ", 921 ,,,
Gourdon,S20000730, 750 , 131 , 492 , 127 ,,,
Grantown-on-Spey,S20000731," 2,440 ", 425 ," 1,421 ", 594 ,,,
Greater Glasgow,S20000732," 976,970 "," 164,800 "," 659,545 "," 152,625 ",,,
Greenlaw,S20000733, 640 , 102 , 405 , 133 ,,,
Greenock,S20000734," 69,450 "," 11,243 "," 44,989 "," 13,218 ",,,
Gretna,S20000735," 3,040 ", 479 ," 1,789 ", 772 ,,,
Gullane,S20000736," 2,570 ", 464 ," 1,336 ", 770 ,,,
Haddington,S20000737," 9,020 "," 1,640 "," 5,565 "," 1,815 ",,,
Halkirk,S20000738," 1,020 ", 149 , 634 , 237 ,,,
Hallglen,S20000739," 3,200 ", 661 ," 2,148 ", 391 ,,,
Hamilton,S20000740," 82,310 "," 14,493 "," 53,932 "," 13,885 ",,,
Harthill,S20000741," 3,710 ", 679 ," 2,395 ", 636 ,,,
Hatton of Cruden,S20000742, 890 , 154 , 608 , 128 ,,,
Hawick,S20000743," 14,050 "," 2,296 "," 8,580 "," 3,174 ",,,
Helensburgh,S20000744," 15,590 "," 2,922 "," 9,262 "," 3,406 ",,,
High Valleyfield,S20000745," 3,280 ", 608 ," 2,055 ", 617 ,,,
Hillhead,S20000746, 630 , 124 , 410 , 96 ,,,
Hillside,S20000747," 1,170 ", 244 , 678 , 248 ,,,
Hopeman,S20000748," 1,710 ", 338 ," 1,030 ", 342 ,,,
Houston,S20000749," 6,420 "," 1,241 "," 4,207 ", 972 ,,,
Howwood,S20000750," 1,580 ", 314 ," 1,027 ", 239 ,,,
Huntly,S20000751," 4,720 ", 729 ," 2,816 "," 1,175 ",,,
Inchture,S20000752," 1,220 ", 261 , 787 , 172 ,,,
Innellan,S20000753, 980 , 112 , 527 , 341 ,,,
Innerleithen,S20000754," 3,040 ", 527 ," 1,800 ", 713 ,,,
Insch,S20000755," 2,320 ", 420 ," 1,450 ", 450 ,,,
Inverallochy and Cairnbulg,S20000756," 1,340 ", 240 , 835 , 265 ,,,
Inveraray,S20000757, 570 , 90 , 368 , 112 ,,,
Inverbervie,S20000758," 2,310 ", 437 ," 1,477 ", 396 ,,,
Invergordon,S20000759," 4,130 ", 830 ," 2,496 ", 804 ,,,
Inverkip,S20000760," 3,060 ", 614 ," 2,030 ", 416 ,,,
Inverness,S20000761," 46,870 "," 8,281 "," 30,683 "," 7,906 ",,,
Inverurie,S20000762," 12,760 "," 2,131 "," 8,307 "," 2,322 ",,,
Irvine,S20000763," 37,380 "," 6,881 "," 24,108 "," 6,391 ",,,
Jedburgh,S20000764," 3,980 ", 645 ," 2,420 ", 915 ,,,
Johnshaven,S20000765, 670 , 119 , 442 , 109 ,,,
Keith,S20000766," 4,740 ", 772 ," 2,848 "," 1,120 ",,,
Kelso and Maxwellheugh,S20000767," 6,760 "," 1,009 "," 3,952 "," 1,799 ",,,
Kelty,S20000768," 6,590 "," 1,266 "," 4,192 "," 1,132 ",,,
Kemnay,S20000769," 3,830 ", 759 ," 2,454 ", 617 ,,,
Kilbirnie,S20000770," 7,520 "," 1,375 "," 4,821 "," 1,324 ",,,
Kilcreggan,S20000771," 1,290 ", 188 , 783 , 319 ,,,
Killearn,S20000772," 1,670 ", 328 , 971 , 371 ,,,
Killin,S20000773, 720 , 81 , 464 , 175 ,,,
Kilmacolm,S20000774," 3,980 ", 732 ," 2,316 ", 932 ,,,
Kilmarnock,S20000775," 51,150 "," 9,285 "," 33,038 "," 8,827 ",,,
Kilmaurs,S20000776," 2,800 ", 458 ," 1,802 ", 540 ,,,
Kilsyth,S20000777," 9,860 "," 1,769 "," 6,261 "," 1,830 ",,,
Kilwinning,S20000778," 16,420 "," 3,067 "," 10,624 "," 2,729 ",,,
Kincardine,S20000779," 2,810 ", 401 ," 1,782 ", 627 ,,,
Kinghorn,S20000780," 2,870 ", 473 ," 1,759 ", 638 ,,,
Kinglassie,S20000781," 1,820 ", 362 ," 1,194 ", 264 ,,,
Kingseat (Aberdeenshire),S20000782, 750 , 167 , 511 , 72 ,,,
Kingseat (Fife),S20000783, 770 , 122 , 460 , 188 ,,,
Kingskettle,S20000784," 1,010 ", 162 , 666 , 182 ,,,
Kingswells,S20000785," 4,750 "," 1,166 "," 3,058 ", 526 ,,,
Kingussie,S20000786," 1,450 ", 232 , 893 , 325 ,,,
Kinlochleven,S20000787, 900 , 139 , 561 , 200 ,,,
Kinloss,S20000788," 1,250 ", 379 , 809 , 62 ,,,
Kinnesswood,S20000789, 500 , 64 , 324 , 112 ,,,
Kinross,S20000790," 4,910 ", 872 ," 3,043 ", 995 ,,,
Kintore,S20000791," 4,680 "," 1,154 "," 2,946 ", 580 ,,,
Kippen,S20000792," 1,110 ", 235 , 658 , 217 ,,,
Kirkcaldy,S20000793," 49,460 "," 8,879 "," 31,298 "," 9,283 ",,,
Kirkconnel,S20000794," 2,070 ", 362 ," 1,298 ", 410 ,,,
Kirkcudbright,S20000795," 3,390 ", 490 ," 1,918 ", 982 ,,,
Kirkfieldbank,S20000796, 940 , 130 , 608 , 202 ,,,
Kirkhill,S20000797, 670 , 119 , 433 , 118 ,,,
Kirkintilloch,S20000798," 28,210 "," 4,981 "," 17,926 "," 5,303 ",,,
Kirkliston,S20000799," 3,590 ", 771 ," 2,220 ", 599 ,,,
Kirkmuirhill and Blackwood,S20000800," 4,230 ", 791 ," 2,751 ", 688 ,,,
Kirknewton,S20000801," 1,950 ", 464 ," 1,292 ", 194 ,,,
Kirkwall,S20000802," 7,150 "," 1,188 "," 4,624 "," 1,338 ",,,
Kirriemuir,S20000803," 6,160 "," 1,029 "," 3,693 "," 1,438 ",,,
Kyle of Lochalsh,S20000804, 650 , 117 , 412 , 121 ,,,
Ladybank,S20000805," 1,530 ", 262 , 928 , 340 ,,,
Lamlash,S20000806," 1,030 ", 135 , 556 , 339 ,,,
Lanark,S20000807," 8,890 "," 1,396 "," 5,564 "," 1,930 ",,,
Langbank,S20000808, 910 , 140 , 589 , 181 ,,,
Langholm,S20000809," 2,250 ", 337 ," 1,345 ", 568 ,,,
Largs,S20000810," 11,340 "," 1,548 "," 6,288 "," 3,504 ",,,
Larkhall,S20000811," 16,480 "," 2,898 "," 10,411 "," 3,171 ",,,
Lauder,S20000812," 1,610 ", 314 ," 1,000 ", 296 ,,,
Laurencekirk,S20000813," 2,920 ", 575 ," 1,775 ", 570 ,,,
Law,S20000814," 3,250 ", 614 ," 2,156 ", 480 ,,,
Lennoxtown,S20000815," 4,060 ", 746 ," 2,723 ", 591 ,,,
Lerwick,S20000816," 7,040 "," 1,233 "," 4,559 "," 1,248 ",,,
Lesmahagow,S20000817," 4,380 ", 857 ," 2,670 ", 853 ,,,
Letham,S20000818," 1,650 ", 274 ," 1,008 ", 368 ,,,
Leuchars,S20000819," 2,860 ", 717 ," 1,803 ", 340 ,,,
Lhanbryde,S20000820," 1,970 ", 337 ," 1,284 ", 349 ,,,
Liff,S20000821, 940 , 209 , 591 , 140 ,,,
Limekilns,S20000822," 1,400 ", 231 , 760 , 409 ,,,
Linlithgow,S20000823," 13,320 "," 2,554 "," 8,523 "," 2,243 ",,,
Livingston,S20000824," 60,030 "," 12,871 "," 40,211 "," 6,948 ",,,
Loanhead,S20000825," 6,350 "," 1,063 "," 3,945 "," 1,342 ",,,
Loans,S20000826, 730 , 133 , 439 , 158 ,,,
Locharbriggs,S20000827," 5,960 "," 1,002 "," 3,731 "," 1,227 ",,,
Lochgilphead,S20000828," 2,390 ", 406 ," 1,522 ", 462 ,,,
Lochmaben,S20000829," 2,100 ", 354 ," 1,283 ", 463 ,,,
Lochwinnoch,S20000830," 2,900 ", 530 ," 1,861 ", 509 ,,,
Lockerbie,S20000831," 4,290 ", 698 ," 2,517 "," 1,075 ",,,
Logan,S20000832," 1,220 ", 222 , 766 , 232 ,,,
Longforgan,S20000833," 1,210 ", 174 , 818 , 218 ,,,
Longniddry,S20000834," 2,430 ", 347 ," 1,433 ", 650 ,,,
Longridge,S20000835, 860 , 155 , 575 , 130 ,,,
Longside,S20000836, 960 , 185 , 640 , 135 ,,,
Lossiemouth,S20000837," 7,620 "," 1,278 "," 5,189 "," 1,153 ",,,
Lower Largo and Lundin Links,S20000838," 1,930 ", 267 ," 1,088 ", 575 ,,,
Lumphanan,S20000839, 550 , 106 , 355 , 89 ,,,
Luncarty,S20000840," 1,680 ", 289 ," 1,035 ", 356 ,,,
Macduff,S20000841," 4,030 ", 740 ," 2,519 ", 771 ,,,
Macmerry,S20000842," 1,350 ", 258 , 830 , 262 ,,,
Mallaig,S20000843, 780 , 138 , 505 , 137 ,,,
Mauchline,S20000844," 4,130 ", 654 ," 2,623 ", 853 ,,,
Maud,S20000845, 870 , 160 , 561 , 149 ,,,
Maybole,S20000846," 4,750 ", 886 ," 2,995 ", 869 ,,,
Melrose,S20000847," 2,340 ", 441 ," 1,306 ", 593 ,,,
Menstrie,S20000848," 2,770 ", 501 ," 1,739 ", 530 ,,,
"Methil, Leven and Buckhaven",S20000849," 30,950 "," 5,517 "," 19,397 "," 6,036 ",,,
Methven,S20000850," 1,200 ", 219 , 712 , 269 ,,,
Millport,S20000851," 1,280 ", 144 , 708 , 428 ,,,
Milnathort,S20000852," 1,910 ", 380 ," 1,100 ", 430 ,,,
Milton and Kildary,S20000853, 660 , 130 , 412 , 118 ,,,
Milton of Campsie,S20000854," 3,950 ", 631 ," 2,555 ", 764 ,,,
Milton of Leys,S20000855," 1,740 ", 450 ," 1,148 ", 142 ,,,
Mintlaw,S20000856," 2,720 ", 462 ," 1,615 ", 643 ,,,
Moffat,S20000857," 2,550 ", 380 ," 1,469 ", 701 ,,,
Moniaive,S20000858, 500 , 86 , 283 , 131 ,,,
Montrose,S20000859," 13,260 "," 2,177 "," 8,432 "," 2,651 ",,,
Moodiesburn,S20000860," 6,900 "," 1,406 "," 4,541 ", 953 ,,,
Morningside,S20000861, 650 , 132 , 385 , 133 ,,,
Mossblown,S20000862," 2,090 ", 374 ," 1,292 ", 424 ,,,
Mosstodloch,S20000863, 990 , 160 , 599 , 231 ,,,
Motherwell and Bellshill,S20000864," 124,530 "," 23,384 "," 81,364 "," 19,782 ",,,
Muir of Ord,S20000865," 2,620 ", 504 ," 1,616 ", 500 ,,,
Muirkirk,S20000866," 1,540 ", 241 , 974 , 325 ,,,
Murthly,S20000867, 510 , 104 , 300 , 106 ,,,
Muthill,S20000868, 760 , 129 , 464 , 167 ,,,
Nairn,S20000869," 9,860 "," 1,705 "," 5,944 "," 2,211 ",,,
Neilston,S20000870," 5,310 ", 978 ," 3,511 ", 821 ,,,
Netherburn,S20000871, 760 , 150 , 534 , 76 ,,,
Nethy Bridge,S20000872, 660 , 114 , 397 , 149 ,,,
New Cumnock,S20000873," 2,840 ", 401 ," 1,764 ", 675 ,,,
New Deer,S20000874, 660 , 96 , 417 , 147 ,,,
New Pitsligo,S20000875," 1,150 ", 228 , 718 , 204 ,,,
Newburgh (Aberdeenshire),S20000876," 1,470 ", 267 , 984 , 219 ,,,
Newburgh (Fife),S20000877," 2,060 ", 330 ," 1,272 ", 458 ,,,
Newcastleton,S20000878, 770 , 97 , 438 , 235 ,,,
Newmachar,S20000879," 2,510 ", 561 ," 1,667 ", 282 ,,,
Newmilns,S20000880," 2,980 ", 509 ," 1,902 ", 569 ,,,
Newport-on-Tay and Wormit,S20000881," 4,250 ", 718 ," 2,539 ", 993 ,,,
Newton Stewart,S20000882," 4,010 ", 653 ," 2,373 ", 984 ,,,
Newtonhill,S20000883," 3,040 ", 611 ," 1,996 ", 433 ,,,
Newtonmore,S20000884," 1,100 ", 164 , 679 , 257 ,,,
Newtown St Boswells,S20000885," 1,330 ", 226 , 854 , 250 ,,,
Newtyle,S20000886, 730 , 105 , 469 , 156 ,,,
North Berwick,S20000887," 6,650 "," 1,158 "," 3,691 "," 1,801 ",,,
North Kessock,S20000888," 1,000 ", 140 , 576 , 284 ,,,
North Queensferry,S20000889," 1,070 ", 184 , 677 , 209 ,,,
Oakley,S20000890," 3,890 ", 735 ," 2,501 ", 654 ,,,
Oban,S20000891," 8,540 "," 1,517 "," 5,582 "," 1,441 ",,,
Ochiltree,S20000892," 1,080 ", 173 , 730 , 177 ,,,
Oldmeldrum,S20000893," 3,230 ", 701 ," 2,051 ", 478 ,,,
Ormiston,S20000894," 2,040 ", 376 ," 1,277 ", 387 ,,,
Overtown,S20000895," 3,430 ", 590 ," 2,301 ", 539 ,,,
Pathhead,S20000896, 960 , 177 , 584 , 199 ,,,
Patna,S20000897," 2,190 ", 401 ," 1,328 ", 461 ,,,
Peebles,S20000898," 8,380 "," 1,457 "," 4,978 "," 1,945 ",,,
Pencaitland,S20000899," 1,480 ", 309 , 922 , 249 ,,,
Penicuik,S20000900," 16,110 "," 2,806 "," 10,311 "," 2,993 ",,,
Perth,S20000901," 47,180 "," 7,907 "," 30,877 "," 8,396 ",,,
Peterculter,S20000902," 7,220 "," 1,302 "," 4,519 "," 1,399 ",,,
Peterhead,S20000903," 18,450 "," 3,163 "," 12,038 "," 3,249 ",,,
Pitlochry,S20000904," 2,860 ", 328 ," 1,710 ", 822 ,,,
Pitmedden,S20000905," 1,420 ", 329 , 936 , 155 ,,,
Plains,S20000906," 2,740 ", 550 ," 1,750 ", 440 ,,,
Plean,S20000907," 1,920 ", 374 ," 1,236 ", 310 ,,,
Port Bannatyne,S20000908," 1,200 ", 147 , 659 , 394 ,,,
Port Ellen,S20000909, 830 , 124 , 527 , 179 ,,,
Portgordon,S20000910, 850 , 139 , 513 , 198 ,,,
Portknockie,S20000911," 1,270 ", 226 , 751 , 293 ,,,
Portlethen,S20000912," 8,200 "," 1,535 "," 5,710 ", 955 ,,,
Portpatrick,S20000913, 620 , 77 , 353 , 190 ,,,
Portree,S20000914," 2,410 ", 454 ," 1,549 ", 407 ,,,
Portsoy,S20000915," 1,730 ", 276 , 996 , 458 ,,,
Potterton,S20000916, 920 , 160 , 627 , 133 ,,,
Prestonpans,S20000917," 9,490 "," 1,844 "," 6,046 "," 1,600 ",,,
Quarrier's Village,S20000918, 750 , 113 , 446 , 191 ,,,
Quarter,S20000919, 750 , 134 , 456 , 160 ,,,
Queenzieburn,S20000920, 520 , 95 , 360 , 65 ,,,
Ratho,S20000921," 1,730 ", 325 ," 1,120 ", 285 ,,,
Ratho Station,S20000922," 1,190 ", 210 , 793 , 187 ,,,
Rigside,S20000923, 770 , 142 , 475 , 153 ,,,
Rosehearty,S20000924," 1,320 ", 272 , 814 , 234 ,,,
Rosemarkie,S20000925, 660 , 108 , 376 , 176 ,,,
Rosewell,S20000926," 1,540 ", 311 ," 1,000 ", 229 ,,,
Roslin,S20000927," 1,630 ", 266 ," 1,003 ", 361 ,,,
Rosneath,S20000928," 1,260 ", 213 , 824 , 223 ,,,
Rothes,S20000929," 1,230 ", 212 , 772 , 246 ,,,
Rothesay,S20000930," 4,540 ", 661 ," 2,652 "," 1,227 ",,,
Rothienorman,S20000931," 1,060 ", 234 , 691 , 135 ,,,
Saline,S20000932," 1,100 ", 169 , 683 , 248 ,,,
Salsburgh,S20000933," 1,540 ", 349 ," 1,010 ", 181 ,,,
Sandhaven,S20000934, 820 , 155 , 513 , 152 ,,,
Sanquhar,S20000935," 1,980 ", 337 ," 1,170 ", 473 ,,,
Scalloway,S20000936," 1,100 ", 199 , 723 , 178 ,,,
Scone,S20000937," 4,840 ", 773 ," 2,665 "," 1,402 ",,,
Seafield,S20000938," 1,330 ", 224 , 853 , 253 ,,,
Selkirk,S20000939," 5,730 ", 946 ," 3,467 "," 1,317 ",,,
Shieldhill,S20000940," 2,470 ", 472 ," 1,699 ", 299 ,,,
"Shotts, Dykehead and Stane",S20000941," 8,840 "," 1,481 "," 6,000 "," 1,359 ",,,
Slamannan,S20000942," 1,360 ", 278 , 855 , 227 ,,,
South Queensferry,S20000943," 8,960 "," 1,744 "," 5,900 "," 1,316 ",,,
Spean Bridge,S20000944, 570 , 101 , 349 , 120 ,,,
Springfield,S20000945, 960 , 164 , 646 , 150 ,,,
Springside,S20000946," 1,260 ", 216 , 809 , 235 ,,,
St Andrews,S20000947," 16,800 "," 1,277 "," 12,768 "," 2,755 ",,,
St Boswells,S20000948," 1,400 ", 228 , 795 , 377 ,,,
St Combs,S20000949, 660 , 95 , 423 , 142 ,,,
St Cyrus,S20000950," 1,060 ", 206 , 645 , 209 ,,,
St Fergus,S20000951, 750 , 162 , 494 , 94 ,,,
St Madoes and Glencarse,S20000952," 1,260 ", 256 , 793 , 211 ,,,
St Monans,S20000953," 1,230 ", 187 , 772 , 271 ,,,
Stanley,S20000954," 1,450 ", 226 , 948 , 276 ,,,
Steornabhagh (Stornoway),S20000955," 7,500 "," 1,241 "," 4,658 "," 1,601 ",,,
Stewarton,S20000956," 7,140 "," 1,322 "," 4,563 "," 1,255 ",,,
Stirling,S20000957," 48,480 "," 7,612 "," 32,807 "," 8,061 ",,,
Stonehaven,S20000958," 11,370 "," 2,037 "," 7,301 "," 2,032 ",,,
Stonehouse,S20000959," 5,500 "," 1,026 "," 3,497 ", 977 ,,,
Stoneyburn,S20000960," 3,440 ", 732 ," 2,203 ", 505 ,,,
Stow,S20000961, 740 , 154 , 464 , 122 ,,,
Stranraer,S20000962," 10,510 "," 1,871 "," 6,353 "," 2,286 ",,,
Strathaven,S20000963," 7,480 "," 1,363 "," 4,647 "," 1,470 ",,,
Strathblane,S20000964," 1,960 ", 352 ," 1,121 ", 487 ,,,
Strathkinness,S20000965, 610 , 98 , 360 , 152 ,,,
Strathmiglo,S20000966, 900 , 159 , 546 , 195 ,,,
Strathpeffer,S20000967," 1,070 ", 196 , 641 , 233 ,,,
Strichen,S20000968, 940 , 152 , 573 , 215 ,,,
Stromness,S20000969," 1,730 ", 253 ," 1,062 ", 415 ,,,
Stuartfield,S20000970, 700 , 124 , 445 , 131 ,,,
Symington (South Ayrshire),S20000971," 1,050 ", 177 , 654 , 219 ,,,
Symington (South Lanarkshire),S20000972, 760 , 138 , 463 , 159 ,,,
Tain,S20000973," 3,690 ", 743 ," 2,241 ", 706 ,,,
Tarbert,S20000974," 1,130 ", 144 , 719 , 267 ,,,
Tarbolton,S20000975," 1,900 ", 359 ," 1,192 ", 349 ,,,
Tarland,S20000976, 720 , 137 , 410 , 173 ,,,
Tarves,S20000977," 1,000 ", 166 , 645 , 189 ,,,
Tayport,S20000978," 3,920 ", 658 ," 2,536 ", 726 ,,,
Thankerton,S20000979, 510 , 104 , 328 , 78 ,,,
Thornhill (Dumfries and Galloway),S20000980," 1,610 ", 232 , 853 , 525 ,,,
Thornhill (Stirling),S20000981, 540 , 93 , 349 , 98 ,,,
Thorntonhall,S20000982, 610 , 144 , 402 , 64 ,,,
Thurso,S20000983," 7,760 "," 1,279 "," 4,854 "," 1,627 ",,,
Tighnabruaich,S20000984, 520 , 55 , 274 , 191 ,,,
Tillicoultry,S20000985," 6,010 ", 946 ," 3,894 "," 1,170 ",,,
Tobermory,S20000986," 1,010 ", 179 , 625 , 206 ,,,
Torphichen,S20000987, 650 , 126 , 408 , 116 ,,,
Torphins,S20000988," 1,410 ", 290 , 825 , 295 ,,,
Torrance,S20000989," 2,370 ", 435 ," 1,545 ", 390 ,,,
Townhill,S20000990," 1,220 ", 204 , 744 , 272 ,,,
Tranent,S20000991," 11,840 "," 2,437 "," 7,693 "," 1,710 ",,,
Troon,S20000992," 14,680 "," 2,271 "," 8,956 "," 3,453 ",,,
Tullibody,S20000993," 9,530 "," 1,875 "," 6,520 "," 1,135 ",,,
Turriff,S20000994," 5,060 ", 836 ," 3,025 "," 1,199 ",,,
Twechar,S20000995," 1,160 ", 221 , 736 , 203 ,,,
Ullapool,S20000996," 1,510 ", 281 , 942 , 287 ,,,
Uplawmoor,S20000997, 560 , 98 , 324 , 138 ,,,
Vale of Leven,S20000998," 24,640 "," 4,398 "," 16,373 "," 3,869 ",,,
Walkerburn,S20000999, 760 , 116 , 491 , 153 ,,,
Waterfoot,S20001000," 1,260 ", 232 , 799 , 229 ,,,
Wattston and Greengairs,S20001001," 1,190 ", 260 , 801 , 129 ,,,
Wellbank,S20001002, 600 , 118 , 360 , 122 ,,,
Wemyss Bay,S20001003," 4,570 ", 824 ," 2,915 ", 831 ,,,
West Barns,S20001004, 680 , 162 , 431 , 87 ,,,
West Calder,S20001005," 5,450 "," 1,011 "," 3,463 ", 976 ,,,
West Kilbride,S20001006," 4,760 ", 800 ," 2,816 "," 1,144 ",,,
West Linton,S20001007," 1,530 ", 354 , 881 , 295 ,,,
Westhill (Aberdeenshire),S20001008," 11,600 "," 2,288 "," 7,843 "," 1,469 ",,,
Whitburn,S20001009," 11,700 "," 2,160 "," 7,460 "," 2,080 ",,,
Whitecraig,S20001010," 1,200 ", 247 , 779 , 174 ,,,
Whitecross,S20001011, 780 , 158 , 509 , 113 ,,,
Whitehills,S20001012," 1,140 ", 220 , 682 , 238 ,,,
Whithorn,S20001013, 790 , 128 , 479 , 183 ,,,
Whiting Bay,S20001014, 640 , 100 , 317 , 223 ,,,
Wick,S20001015," 7,140 "," 1,268 "," 4,541 "," 1,331 ",,,
Wigtown,S20001016, 900 , 119 , 522 , 259 ,,,
Winchburgh,S20001017," 2,500 ", 430 ," 1,618 ", 452 ,,,
Yetholm,S20001018, 570 , 64 , 298 , 208 ,,,
,,,,,,,,
© Crown Copyright 2014,,,,,,,,
